{
  "npcs": {
    "guide": {
      "name": "Guide",
      "health":100,
      "healthMax": 100,
      "damage": 1000,
      "armour": 0,
      "level": 1,
      "xp": 0,
      "strength": 1,
      "intelligence": 0,
      "dexterity": 0,
      "stealth": 0,
      "gold": 100,
      "allies": [
	"Recruit",
	"Sewer Rat"
      ],
      "enemies": [],
      "tradingEmphasis": [ "f" ],
      "sellLimit": 15,
      "items":["pmil1", "fbrd1", "fcom1", "phli1", "ashi1"],
      "conversations": [
	{
	  "condition":"none",
	  "player":"",
	  "text":"Welcome to Syllia!",
	  "response":[1,2,3,4,5],
	  "action": "none"
	},
	{
	  "condition": "none",
	  "player":"What is Syllia?",
	  "text": "A place of wonder and awe... Well it used to be at least, until these damn monsters invaded. Now it's all about fighting the monsters. There's not fun any more...",
	  "response":[2,3,4,5],
	  "action": "none"
	},
        {
          "condition": "char type=Sewer Rat",
          "player":"What should I do?",
          "text":"Well that's an interesting question. As a sewer rat, you have a free reign over the underground. Explore and learn as you go. There's some unsavory characters down here but they should not be too mean to you. Watch out for the monsters though. They'll attack you regardless.",
          "response":[4,5],
          "action": "none"
        },        
	{
          "condition": "char type=Recruit",
          "player":"Where should I go?",
          "text":"Hurry upstairs! This is no place for you and I'm sure your superiors will be wondering where you are.",
          "response":[4,5],
          "action": "none"
        },
  	{
          "condition": "none",
          "player":"Do you have anything to sell me that can help out?",
          "text":"Actually now that you mention it, I *have* collected some things in my journeys that may help you out. Here, look through them and see what you like",
          "response":[5],
          "action": "trade"
        },
	{
	  "condition": "none",
	  "player": "Goodbye",
	  "text": "Goodbye my friend!",
	  "action": "none"
	}
      ]
    },
    "sewerrat": {
      "name": "Sewer Rat",
      "health": 100,
      "healthMax": 100,
      "damage": 40,
      "armour": 0,
      "level": 1,
      "xp": 0,
      "strength": 1,
      "intelligence": 2,
      "dexterity": 1,
      "stealth": 2,
      "location": [
        {
          "head": "empty"
        },
        {
          "leftArm": "empty"
        },
        {
          "chest": "empty"
        },
        {
          "rightArm": "empty"
        },
        {
          "legs": "empty"
        },
        {
          "boots": "empty"
        },
        {
          "leftHand": "hands"
        },
        {
          "rightHand": "hands"
        }
      ],
      "intro": "Hey, rat. . . you dead??\n*You let out a groan...*\nWhat are you doing?!? Don't you know it's crazy to sleep so close to the recruits' camp? A guard will come down those stairs soon enough and catch you! You'll end up being drafted! You better come back in.\nBy the way, what's your name?",
      "allies": [
      	"Sewer Rat"
      ],
      "enemies": [
      	"Recruit"
      ],
      "items":["pmil1"]
    },
    "syndicatemember": {
      "name": "Syndicate Member",
      "health": 100,
      "healthMax": 100,
      "damage": 50,
      "armour": 10,
      "level": 1,
      "xp": 0,
      "strength": 1,
      "intelligence": 2,
      "dexterity": 2,
      "stealth": 2,
      "gold": 100,
      "location": [
        {
          "head": "empty"
        },
        {
          "leftArm": "empty"
        },
        {
          "chest": "empty"
        },
        {
          "rightArm": "empty"
        },
        {
          "legs": "empty"
        },
        {
          "boots": "empty"
        },
        {
          "leftHand": "hands"
        },
        {
          "rightHand": "hands"
        }
      ],
      "conversations": [
 	{
	  "condition":"none",
	  "player":"",
	  "text":"Hello. Can I help you with something? A service perhaps? Anything and everything you need I have. For a price of course. . . ",
	  "response":[1, 2],
	  "action": "none"
	},
	{
	  "condition": "none",
	  "player":"How about a potion?",
          "text": "Of course, I have many at my disposal. Unfortunately, you'd need to be a syndicate member to be able to buy any.",
	  "response":[2, 3],
	  "action": "none"
	},
	{
	  "condition": "none",
	  "player": "Never mind then",
	  "text": "*bows*\n Until next time",
	  "action": "none"
	},
        {
          "condition": "none",
          "player": "How do I become a syndicate member?",
          "text": "Very simple actually. Just kill one of the brotherhood members for me.",
          "action": "none"
        }
      ],
      "allies": [
      	"Sewer Rat"
      ],
      "enemies": [
      	"Recruit",
	"Brotherhood Member"
      ],
      "tradingEmphasis": [ "a", "p" ],
      "sellLimit": 10,
      "items":[ "pmil2", "pmil1", "wspe1", "agre1", "albt1", "tlap1"]
    },
    "brotherhoodmember": {
      "name": "Brotherhood Member",
      "health": 100,
      "healthMax": 120,
      "damage": 60,
      "armour": 0,
      "level": 1,
      "xp": 0,
      "strength": 3,
      "intelligence": 1,
      "dexterity": 1,
      "stealth": 1,
      "gold": 100,
      "location": [
        {
          "head": "empty"
        },
        {
          "leftArm": "empty"
        },
        {
          "chest": "empty"
        },
        {
          "rightArm": "empty"
        },
        {
          "legs": "empty"
        },
        {
          "boots": "empty"
        },
        {
          "leftHand": "hands"
        },
        {
          "rightHand": "hands"
        }
      ],
      "allies": [
      	"Sewer Rat"
      ],
      "enemies": [
      	"Recruit",
	"Syndicate Member"
      ],
      "tradingEmphasis": [ "w", "f" ],
      "sellLimit": 6,
      "items":["phli1", "arhl1", "wdag1", "fcom1", "fbum1", "wshs1", "wbrd1", "ashi1"],
      "conversations": [
 	{
	  "condition": "ally",
	  "player": "",
	  "text": "Hey, I have a task for you...",
	  "response": [2, 3],
	  "action": "none"
	},
	{
	  "condition": "enemy",
	  "player": "",
	  "text": "You looking at me?",
	  "action": "attack"
	},
	{
	  "condition": "none",
	  "player": "What is it?",
	  "text": "There's a syndicate member hanging out up north near their headquarters. We've been needing some fresh blood around here. Kill him for me and there'll be some valuable perks in it for you",
	  "response": [3, 4],
	  "action": "none"
	},
	{
	  "condition": "none",
	  "player": "I'm busy",
	  "text": "Whatever, the offer always stands though",
	  "action": "none"
	},
        {
          "condition": "none",
          "player": "Sure, why not?",
          "text": "Thanks! Report back to me when you're one of us and I'll show you around",
          "action": "none"
        }
      ]
    },
    "recruit": {
      "name": "Recruit",
      "health": 100,
      "healthMax": 100,
      "damage": 50,
      "armour": 1,
      "level": 1,
      "xp": 0,
      "strength": 2,
      "intelligence": 1,
      "dexterity": 2,
      "stealth": 1,
      "location": [
        {
          "head": "empty"
        },
        {
          "leftArm": "empty"
        },
        {
          "chest": "empty"
        },
        {
          "rightArm": "empty"
        },
        {
          "legs": "empty"
        },
        {
          "boots": "empty"
        },
        {
          "leftHand": "hands"
        },
        {
          "rightHand": "hands"
        }
      ],
      "intro": "Hey... you alive?\n*You let out a groan...*\nHey, mate, you need to wake up. The guards will be coming 'round soon, and they put a spear through the last guy they found still asleep.\n*Slowly, you sit up.*\nThat's the way! I'm going to head back up. Follow me as soon as you can.\nBy the way, I'm Thorall. What's your name?",
      "allies": [
      	"Recruit"
      ],
      "enemies": [
      	"Sewer Rat"
      ],
      "items":["pmil1"]
    }
  }
}
