<project>

  <bannerLeft>
    <name>JAdventure</name>
    <!--
    -->
    <src>https://camo.githubusercontent.com/0d2b83d9ca63bdabf267cb0df849e4feb8cf209b/687474703a2f2f692e696d6775722e636f6d2f7873776f3377382e706e67</src>
    <href>http://github.com/Progether/JAdventure</href>
  </bannerLeft>

  <!--
  <bannerRight>
    <src>http://maven.apache.org/images/maven-logo-2.gif</src>
  </bannerRight>
  -->

  <publishDate position="right"/>
  <version position="right"/>

  <body>
    <menu name="JAdventure">
	    <item name="Index" href="index.html" />
    </menu>
    
    <menu name="Development">
      <item name="Improvement Ideas" href="development/improvement-ideas.html" />
      <item name="Issues" href="https://github.com/Progether/JAdventure/issues/" />
      
      <item name="Use Cases" href="development/use-case/index.html" collapse="true">
        <item name="Create New Game" href="development/use-case/use-case-00-create-new-game.html" />
        <item name="Load Saved Game" href="development/use-case/use-case-01-load-saved-game.html" />

        <item name="Command Look" href="development/use-case/use-case-10-command-look.html" />
        <item name="Command Goto" href="development/use-case/use-case-11-command-goto.html" />

        <item name="Command Inspect" href="development/use-case/use-case-12-command-inspect.html" />
        <item name="Command Pick" href="development/use-case/use-case-13-command-pick.html" />
        <item name="Command Drop" href="development/use-case/use-case-14-command-drop.html" />
        <item name="Command Backpack" href="development/use-case/use-case-15-command-backpack.html" />

        <item name="Command Equip" href="development/use-case/use-case-20-command-equip.html" />
        <item name="Command Dequip" href="development/use-case/use-case-21-command-dequip.html" />

        <item name="Command Help" href="development/use-case/use-case-80-command-help.html" />
        <item name="Command Statistics" href="development/use-case/use-case-81-command-statistics.html" />

        <item name="Command Save" href="development/use-case/use-case-90-command-save.html" />
        <item name="Command Debug" href="development/use-case/use-case-91-command-debug.html" />      
      </item>

      <item name="Code Coverage" href="jacoco/index.html" />
    </menu>

    <menu ref="reports" />
  </body>

</project>
