<configuration>

  <appender name="STDOUT"
    class="ch.qos.logback.core.ConsoleAppender">
    <encoder>
      <pattern>
        %d{HH:mm:ss.SSS} [%thread] %-5level %logger{36} - %msg%n
     </pattern>
    </encoder>
  </appender>

  <appender name="FILE" class="ch.qos.logback.core.FileAppender">
    <file>jadventure.log</file>

    <encoder>
      <pattern>%date %level [%thread] %logger{10} [%file:%line] %msg%n</pattern>
    </encoder>
  </appender>

<!--
  <logger name="com.jadventure.game" level="INFO" />
  <logger name="com.jadventure.game.items.Item" level="DEBUG" />
-->

  <root level="WARN">
    <appender-ref ref="FILE" />
    <appender-ref ref="STDOUT" />
  </root>

</configuration>