{
  "items": {
    "empty": {
      "type": "weapon",
      "name": "empty",
      "description": "",
      "position": "rightHand",
      "level": 1,
      "properties": {
        "health": "0",
        "value": "0"
      }
    },
    "hands": {
      "type": "weapon",
      "name": "hands",
      "description": "they look quite strong",
      "position": "rightHand",
      "level": 1,
      "properties": {
        "damage": "1"
      }
    },
    "fbrd1": {
      "type": "food",
      "name": "bread",
      "description": "small piece of bread",
      "position": "mouth",
      "level": 1,
      "properties": {
        "health": "+20",
        "value": "10"
      }
    },
    "pmil1": {
      "type": "potion",
      "name": "milk",
      "description": "some delicious milk",
      "position": "mouth",
      "level": 1,
      "properties": {
        "healthMax": "+0",
        "health": "+5",
        "weight": "1",
        "value": "5"
      }
    },
    "pmil2": {
      "type": "potion",
      "name": "super milk",
      "description": "this milk must have come from a super cow because it is extra delicious milk",
      "position": "mouth",
      "level": 2,
      "properties": {
        "healthMax": "+0",
        "health": "+25",
        "weight": "1",
        "value": "20"
      }
    },
    "fram1": {
      "type": "food",
      "name": "raw meat",
      "description": "some delicious raw meat",
      "position": "mouth",
      "level": 1,
      "properties": {
        "health": "+7",
        "weight": "2",
        "value": "3"
      }
    },
    "fcom1": {
      "type": "food",
      "name": "cooked meat",
      "description": "some delicious cooked meat",
      "position": "mouth",
      "level": 1,
      "properties": {
        "health": "+13",
        "weight": "2",
        "value": "10"
      }
    },
    "fbum1": {
      "type": "food",
      "name": "burnt meat",
      "description": "some crispy burnt meat",
      "position": "mouth",
      "level": 1,
      "properties": {
        "health": "+4",
        "weight": "2",
        "value": "2"
      }
    },
    "wshi1": {
      "type": "weapon",
      "name": "shiv",
      "description": "a small dagger",
      "position": "rightHand",
      "level": 1,
      "properties": {
        "damage": "+3",
        "weight": "2",
        "value": "30"
      }
    },
    "wdag1": {
      "type": "weapon",
      "name": "dagger",
      "description": "a basic dagger",
      "position": "rightHand",
      "level": 1,
      "properties": {
        "damage": "+5",
        "weight": "1",
        "value": "50"
      }
    },
    "wshs1": {
      "type": "weapon",
      "name": "shortsword",
      "description": "a basic shortsword",
      "position": "rightHand",
      "level": 1,
      "properties": {
        "damage": "+7",
        "weight": "5",
        "value": "70"
      }
    },
    "wspe1": {
      "type": "weapon",
      "name": "spear",
      "description": "a basic spear",
      "position": "rightHand",
      "level": 1,
      "properties": {
        "damage": "+5",
        "weight": "4",
        "value": "50"
      }
    },
    "wbrd1": {
      "type": "weapon",
      "name": "broadsword",
      "description": "a two handed broadsword",
      "position": "bothHands",
      "level": 1,
      "properties": {
        "damage": "+10",
        "weight": "4",
        "value": "50"
      }
    },
    "ashi1": {
      "type": "armour",
      "name": "wooden shield",
      "description": "a wooden shield, watch out for splinters!",
      "position": "leftHand",
      "level": 1,
      "properties": {
        "armour": "+3",
        "weight": "4",
        "value": "30"
      }
    },
    "arhl1": {
      "type": "armour",
      "name": "rusted helmet",
      "description": "a rusted helmet, it will do for now",
      "position": "head",
      "level": 1,
      "properties": {
        "armour": "+4",
        "weight": "3",
        "value": "40"
      }
    },
    "albr1": {
      "type": "armour",
      "name": "leather breastplate",
      "description": "a leather breastplate, it will do for now",
      "position": "chest",
      "level": 1,
      "properties": {
        "armour": "+5",
        "weight": "10",
        "value": "50"
      }
    },
    "agre1": {
      "type": "armour",
      "name": "leather greaves",
      "description": "a pair of leather greaves",
      "position": "legs",
      "level": 1,
      "properties": {
        "armour": "+2",
        "weight": "4",
        "value": "30"
      }
    },
    "albt1": {
      "type": "armour",
      "name": "leather boots",
      "description": "a pair of leather boots, it will do for now",
      "position": "feet",
      "level": 1,
      "properties": {
        "armour": "+2",
        "weight": "10",
        "value": "50"
      }
    },
    "algt1": {
      "type": "armour",
      "name": "leather gauntlets",
      "description": "leather gaunlets, they will do for now",
      "position": "bothArms",
      "level": 1,
      "properties": {
        "armour": "+3",
        "weight": "10",
        "value": "50"
      }
    },
    "albr1": {
      "type": "armour",
      "name": "leather arm brace",
      "description": "a leather arm brace, like the gladiators of old would wear",
      "position": "rightArm",
      "level": 1,
      "properties": {
        "armour": "+2",
        "weight": "5",
        "value": "30"
      }
    },
    "tlap1": {
      "type": "tool",
      "name": "lock and pick",
      "description": "tools to pick locks",
      "position": "rightHand",
      "level": 1,
      "properties": {
        "value": "20",
        "weight": "1"
      }
    },
    "phli1": {
      "type": "potion",
      "name": "Potion of Health",
      "description": "Magic potion that increases vitality",
      "position": "mouth",
      "level": 1,
      "properties": {
        "healthMax": "+100",
        "health": "+0",
        "weight": "1",
        "value": "50"
      }
    },
	"katana": {
      "type": "weapon",
      "name": "Katana",
      "description": "A long sword once used by a legendary Japanese samurai",
      "position": "rightHand",
      "level": 3,
      "properties": {
        "damage": "+50",
		"weight": "3",
        "value": "0"
      }
    }
  }
}
